 <rules xmlns="http://namespaces.plone.org/diazo"
           xmlns:css="http://namespaces.plone.org/diazo/css"
           xmlns:xhtml="http://www.w3.org/1999/xhtml"
           xmlns:xsl="http://www.w3.org/1999/XSL/Transform"
           xmlns:xi="http://www.w3.org/2001/XInclude">
        <xi:include href="++theme++barceloneta/backend.xml" />
           <theme href="index.html" />
           
          <rules if-content="//*[@id='portal-top']">
			<!-- Attributes -->
			<copy attributes="*" theme="/html" content="/html"/>
			<!-- Base tag -->
			<before theme="/html/head/title" content="/html/head/base"/>
			<!-- Title -->
			<replace theme="/html/head/title" content="/html/head/title" />
			<!-- Pull in Plone Meta -->
			<after theme-children="/html/head" content="/html/head/meta" />
			<!-- dont use Plone icons, use the theme -->
			<drop css:content="head link[rel='apple-touch-icon']" />
			<drop css:content="head link[rel='shortcut icon']" />
			<!-- CSS -->
			<after theme-children="/html/head" content="/html/head/link" />
			<!-- Script -->
			<after theme-children="/html/head" content="/html/head/script" />
		</rules>

		<!-- Copy over the id/class attributes on the body tag.
			   This is important for per-section styling -->
		<copy attributes="*" css:content="body" css:theme="body" />

        <!-- full-width breadcrumb -->
  		<replace css:theme="#above-content" css:content="#viewlet-above-content"/>
  		
  		<!-- sitemap for navigation -->
  		<replace css:theme="#portal-sitemap"    css:content="#portal-sitemap"     href="/@@menusitemap" /> 
  		
  		<!-- move search box -->
 		<!--drop css:content=".searchButton" /-->
 		<drop css:content=".searchSection" />
 		<replace  css:theme-children="#portal-searchbox"   css:content-children="#portal-searchbox"  />

  		<!-- social top -->
 		<replace  css:theme="#socialtop"   css:content="#socialtop"  href="/@@theme-fragment/socialtop"  />
 		
 		
		  <!-- Central column -->
		  <replace css:theme="#content-container" method="raw">

			  <xsl:variable name="central">
				<xsl:if test="//aside[@id='portal-column-one'] and //aside[@id='portal-column-two']">col50</xsl:if>
				<xsl:if test="//aside[@id='portal-column-two'] and not(//aside[@id='portal-column-one'])">col70</xsl:if>
				<xsl:if test="//aside[@id='portal-column-one'] and not(//aside[@id='portal-column-two'])">col70</xsl:if>
				<xsl:if test="not(//aside[@id='portal-column-one']) and not(//aside[@id='portal-column-two'])">col100</xsl:if>
			  </xsl:variable>

			  <div class="{$central}">
				<!-- <p class="pull-right visible-xs">
					<button type="button" class="btn btn-primary btn-xs" data-toggle="offcanvas">Toggle nav</button>
				  </p> -->
				  <div class="row">
					<div class="col100">
					   <xsl:apply-templates css:select="#content"/>
					</div>
				  </div>
				  <footer class="row">
					<div class="col100">
					 <xsl:copy-of select="//div[@id='viewlet-below-content']"/>
					</div>
				  </footer>
			  </div><!--/row-->
		  </replace>

		  <!-- Alert message -->
		  <replace css:theme-children="#global_statusmessage" css:content-children="#global_statusmessage" />

		  <!-- Left column -->
		  <rules if-content="//*[@id='portal-column-one']">
			<replace css:theme="#column1-container">
				<div class="col30 sidebar-offcanvas" id="sidebar">
				  <aside id="portal-column-one">
					 <xsl:copy-of select="//*[@id='portal-column-one']/*"/>
				  </aside>
				</div>
			</replace>
		  </rules>

		  <!-- Right column -->
		  <rules if-content="//*[@id='portal-column-two']">
			<replace css:theme="#column2-container">
				<div class="col30 sidebar-offcanvas" id="sidebar" role="complementary">
				  <aside id="portal-column-two">
					 <xsl:copy-of select="//*[@id='portal-column-two']/*"/>
				  </aside>
				</div>
			</replace>
		  </rules>


  <!-- footer -->
  <replace css:theme-children="#portal-footer" css:content-children="#portal-footer-wrapper" />
  

  <!-- Fragments -->
  <!-- sections on homepage only -->
  <rules css:if-content="body.section-front-page">
    <replace css:theme="#main-slider"  css:content="#main-slider"   href="/@@theme-fragment/mainslider" /> 
  </rules>



    </rules>
